[
  { "id": "1", "name": "John Doe", "email": "john@example.com" },
  { "id": "2", "name": "Jane Doe", "email": "jane@example.com" },
  { "id": "3", "name": "Alice Johnson", "email": "alice.johnson@example.com" },
  { "id": "4", "name": "Bob Smith", "email": "bob.smith@example.com" },
  { "id": "5", "name": "Carol Taylor", "email": "carol.taylor@example.com" },
  { "id": "6", "name": "Dave Brown", "email": "dave.brown@example.com" },
  { "id": "7", "name": "Eve White", "email": "eve.white@example.com" },
  { "id": "8", "name": "Frank Harris", "email": "frank.harris@example.com" },
  { "id": "9", "name": "Grace Hall", "email": "grace.hall@example.com" },
  { "id": "10", "name": "Henry Wilson", "email": "henry.wilson@example.com" }
]